"id","term_id","translation"
1,1,"The First Letter Of The Pashto Alphabet"
2,2,"Father, Denial, Refusal"
3,3,"Swallow"
4,4,"Inhabited, Populated, Prosperous, Flourishing, Wealthy, Constructed"
5,5,"Plentiful Ness, Wealth, Abundance, State Of Being Cultivated"
6,6,"Father-Hood"
7,7,"Build, To Cultivate, To Construct"
8,8,"Building, The Act Of Constructing"
9,9,"Become Prosperous, To Become Cultivated"
10,10,"Flourish, Prosper, Prosperity"
11,11,"Flourishing"
12,12,"Populous Ness, Habitable Place, Flourishing Condition"
13,13,"Abahati, The Name Of A Sect Of Muhammadans Who Maintain That The Law And Good Works Are Of No Avail"
14,14,"Abakhel, The Name Of An Afghan Tribe, Relatives On One'S Father'S Side"
15,15,"Abakhel, The Name Of A Tribe Of Afghans"
16,16,"Inhabited, Populated, Prosperous, Flourishing, Wealthy, Constructed"
17,17,"Build, To Cultivate, To Construct"
18,18,"Building, The Act Of Constructing"
19,19,"Become Prosperous, To Become Cultivated"
20,20,"Flourish, Prosper, Prosperity"
21,21,"Population, Habitable Place, Flourishing Condition"
22,22,"Cultivation, Population, Abundance, Prosperity"
23,23,"Abazey, The Name Of A Tribe Of Afghans"
24,24,"The Indus"
25,25,"Abasind"
26,26,"Paternal Relatives"
27,27,"Paternal"
28,28,"Beginning, Outset, Start, Dawn"
29,29,"Primary, Elementary, Primitive, Initial, Essential, Fundamental"
30,30,"Distressed, Worried, Perplexed, Devoid Of Good Qualities, Bobtailed, Curtailed"
31,31,"Worry, To Perplex, To Curtail, To Disturb, To Distress"
32,32,"Become Distressed, To Become Worried, To Become Perplexed, To Become Disturbed"
33,33,"Initiative, Leading Action, Innovation"
34,34,"Innovative"
35,35,"Useless, Fruitless, Vain, Lost Labor"
36,36,"The Arabic Alphabet Arranged According To The Numerical Values Of The Letters"
37,37,"Raisin, A Kind Of Raisin"
38,38,"Disputes, Arguments, Debates, Controversies, Discussion"
39,39,"Oceans"
40,40,"Eternity"
41,41,"Innovation, Origination, Creation, Invention"
42,42,"Saint, Hermit, Monk"
43,43,"Abdali, The Name Of An Afghan Tribe"
44,44,"Eternal, Everlasting, Perpetual"
45,45,"Eternity, Perpetuity, Timelessness"
46,46,"Quittance, Forgiveness, Discharge From A Debt Or Obligation"
47,47,"Holy, Just, Pious"
48,48,"Abraham, The Man'S Name, The Patriarch Abraham"
49,49,"Mica, Muscovite"
50,50,"Crop, Yield, Harvest, A Cashmere, Shawl, The Top Part"
51,51,"Fertile, Productive, Rich"
52,52,"Dignity, Honour"
53,53,"Honourable, Respectable, Reputable"
54,54,"Vegetation, Green Vegetation At The Bottom Of Pool"
55,55,"Water Fall"
56,56,"Mansions, Distances"
57,57,"Dad, Daddy"
58,58,"Bare, Bared Feet"
59,59,"Bare, Barefooted, Unshod"
60,60,"Conveying, Sending, Act Of Communication, An Official Notice"
61,61,"Informing, Converging, Aiming At, Obtaining An End, Causing To Arrive, Sending"
62,62,"Inform, To Communicate, To Transmit"
63,63,"Inform, To Become Communicated, To Become Transmitted"
64,64,"Announcement, A Communique, An Official Notice"
65,65,"Piebald, Black And White, Party-Coloured"
66,66,"Piebald, Variegated"
67,67,"Foolish, Silly, A Fool"
68,68,"Adolescent, Pubescent"
69,69,"Satan, The Devil"
70,70,"Devil, The Devil"
71,71,"Iban, Son"
72,72,"Ambiguity, Vagueness, Uncertainty"
73,73,"Father, Used As A Prefix To Proper Names"
74,74,"Abobakar, The Name Of The First Khalifah"
75,75,"Mama"
76,76,"Ambergris"
77,77,"Apartment, Flat"
78,78,"Tip Cat, The Game Of Cat And Dog, Tip-Cat"
79,79,"Apreday, The Name Of An Afghan Tribe"
80,80,"Operation, Surgery"
81,81,"April"
82,82,"Afredai, The Name Of A Tribe Of Afghans Who Are The Pest Of The Peshawar District"
83,83,"A Game, A Kind Of Children'S Game Played With One Long And One Short Stick"
84,84,"Plato"
85,85,"Low, Obscene, Dirty, Filthy"
86,86,"Nonsense"
87,87,"Appendicitis"
88,88,"Appendix, A Vermiform Appendix"
89,89,"Overturned, Against, Perplexed"
90,90,"Swallow, To Gulp, To Devour"
91,91,"Viper"
92,92,"Opium"
93,93,"Opium"
94,94,"United States"
95,95,"Attache"
96,96,"Food, Aliment, Daily Bread, Crumb, Fragments Of Food"
97,97,"Sunday"
98,98,"Citizens, Retinue, Followers, Subjects"
99,99,"Union, Alliance, League, Concord"
100,100,"Union"
101,101,"Octagonal, Octangular"
102,102,"Atrang, The Name Of A Plant Used In Dyeing"
103,103,"Austria"
104,104,"Fire-Worshipper"
105,105,"Fire-Works"
106,106,"Fork, Fork For Holding Fire"
107,107,"Syphilis, A Vine Disease"
108,108,"A Fire-Temple"
109,109,"Contiguity, Junction, Connection"
110,110,"Admonition, Advice, Admonishing, Receiving Admonition"
111,111,"Agreement, Concord, Alliance, Union"
112,112,"Accidental, By Chance"
113,113,"More Or Most Pious"
114,114,"Reliance, Leaning"
115,115,"Leaning Against, Reclining Upon, Trusting To, Confiding In"
116,116,"Hand Cuffs"
117,117,"Mama"
118,118,"Hero"
119,119,"Eighteen"
120,120,"Eighteenth"
121,121,"Chief Of Operations"
122,122,"Heroism, Heroic Conduct, Velour"
123,123,"Eighth"
124,124,"Completing, Perfecting, Accomplishing"
125,125,"Atmankhel, The Name Of A Tribe Of Afghans"
126,126,"Atmankhel, An Afghan Tribe"
127,127,"Atmanzay, An Afghan Tribe"
128,128,"Throng, A Crowd, Crowding"
129,129,"Atmosphere"
130,130,"Ethnography"
131,131,"Eight And A Half"
132,132,"Dance, Afghan National Dance"
133,133,"Dancer"
134,134,"Eight"
135,135,"Eighty-Eight"
136,136,"Seventy-Eight"
137,137,"Fifty-Eight"
138,138,"Forty-Eight"
139,139,"Thirty-Eight"
140,140,"Sixty-Eight"
141,141,"Eighteen"
142,142,"Ninety-Eight"
143,143,"Twenty Eight"
144,144,"Twenty-Eight"
145,145,"Accusation, Charge, Indictment"
146,146,"Flatiron"
147,147,"Sunday"
148,148,"Pudding, Pudding Prepared From Flour, Sugar, And Oil"
149,149,"Atozai, The Name Of An Afghan Tribe"
150,150,"Atom"
151,151,"Automatic"
152,152,"Automatic"
153,153,"Atomic"
154,154,"Elephant"
155,155,"Eighty"
156,156,"First, From The Beginning, Beginning"
157,157,"Eightieth"
158,158,"Eighty-Eight"
159,159,"Eightieth"
160,160,"Unemployed, Out Of Place"
161,161,"Atac, The Name Of A Town On The Indus, The River Indus"
162,162,"Guessing, An Estimate, Assumption"
163,163,"Guess, To Estimate, To Assume, Conjecture"
164,164,"Estimate, To Be Estimated"
165,165,"Conjectural, Estimated, Approximate"
166,166,"Hiccup, Hiccough"
167,167,"Skein, Hank"
168,168,"Reel, Spool, Bobbin"
169,169,"Overeat, Stuff"
170,170,"Stuffed"
171,171,"Stuffed"
172,172,"Skein, Hank"
173,173,"Reel For Winding Silk,  Reel For Winding Silk, Thread, Cotton, Etc."
174,174,"Furniture"
175,175,"Proof"
176,176,"Proof"
177,177,"Proof"
178,178,"Corroborating, To Become Corroborated, Confirmed, Proved"
179,179,"Effect, Trace, Sign, Mark, Indication, Evidence"
180,180,"To Operate, To Take Effect, To Make Impression"
181,181,"Moment, Interval, During, Space Of Time"
182,182,"Ether"
183,183,"Consenting, Answering, Complying, Compliance, Consent"
184,184,"Lease"
185,185,"Lease Holder"
186,186,"Permission, Leave, Dispensation, Sanction, Order"
187,187,"Permission, Admission"
188,188,"License, Permit"
189,189,"Hajaney, A Female Who Has Made A Pilgrimage To Mecca"
190,190,"Craving, Craving Of Pregnant Women For Matter Containing Calcium And Sour Food"
191,191,"Compulsory, Forced, Obligatory"
192,192,"Gathering, Meeting, Assembly, Congregation"
193,193,"Social, Companionable, Sociable"
194,194,"Avoidance, Shunning, Abstention, Refrainment"
195,195,"Assiduity, Striving Hard, Application, Diligence, Practice Of Divine Science Or Theology"
196,196,"Ancestors, Fathers"
197,197,"Ancestral, Traditional"
198,198,"Reward, A Compensate, Requital, Retribution"
199,199,"Execution, Fulfilment, Performance, Carrying Out"
200,200,"Celestial Bodies"
201,201,"Executive, Administrative"
202,202,"Wage, Payment"
203,203,"Guestroom, A Living Room In A Mosque"
204,204,"Parts, Components, Ingredients, Constituents"
205,205,"Bodies, Substances, Matters"
206,206,"The Moment Of Death"
207,207,"Seized By Fate, In The Jaws Of Death"
208,208,"Session, A Sitting"
209,209,"Session, A Sitting, Pertaining To A Session"
210,210,"Back Of The Head"
211,211,"Congregation, A Religious Congress"
212,212,"Summary, Synopsis, Brevity"
213,213,"Brief, Synoptic"
214,214,"Goods, Wares, Articles, Commodities"
215,215,"Stranger, A Foreigner"
216,216,"Strange, Foreign, Unknown (Person)"
217,217,"A Female Who Has Made A Pilgrimage To Mecca"
218,218,"Joining, Joining Closely"
219,219,"Join Closely"
220,220,"Wage, Payment, Fee"
221,221,"Mercenary, A Hired Labourer, Hired, Freelance"
222,222,"Pickles, Screw Driver"
223,223,"High, Liftedlofty, Raised"
224,224,"Height, Altitude, Elevation, Loftiness"
225,225,"Raise, To Elevate, To Render High Or Lofty"
226,226,"Become Elevated, To Become Or Grow High Or Lofty"
227,227,"Pole, A Two Forked Wooden Pole Used As A Support"
228,228,"Pour, To Throw, To Drop"
229,229,"Forehead, The Brow"
230,230,"Abortion, Foetos, Embryo, A Child Brought Forth Before Its Time"
231,231,"Fetes, Born Prematurely, An Avortive Child"
232,232,"Cow, A Kind Of Small Short Cow"
233,233,"Hadiths , Traditions, (Particularly) The Sayings Muhammad"
234,234,"Hadith, Sayings Of Mohammad The Prophet"
235,235,"Surrounding, Circumambience, Seige, Comprehension, Conversance"
236,236,"Friends, Chums, Intimates"
237,237,"Protest, Objection, Argumentation"
238,238,"Avoidance, Shunning, Abstention, Caution, Precaution"
239,239,"Burning, Combustion"
240,240,"Respect, Reverence, Esteem, Honor"
241,241,"Gathering, Meeting, Assembly"
242,242,"Speculation, Hoarding, Forestalling"
243,243,"Speculative"
244,244,"Friction, Rubbing"
245,245,"Nocturnal Emission"
246,246,"Probability, Possibility, Contigency"
247,247,"Probable, Contingent, Presumptive, Doubtful"
248,248,"Effort, Charge"
249,249,"Need, Want, Necessity, Indigence"
250,250,"Caution, Circumspection, Carefulness"
251,251,"Reserve, Cautionary"
252,252,"Cautioncircumspection, Foresight, Care"
253,253,"Unity, An Unit, One"
254,254,"Ehram, The Cloak Or Mantle Alluded Toputting On A Pilgrim'S Habit At A Certain Distance From Makka"
255,255,"Parties"
256,256,"Feeling, Sensation"
257,257,"Feelings, Sensations"
258,258,"Emotional"
259,259,"Feel"
260,260,"Favour, Benefaction"
261,261,"Statistics, Numeration"
262,262,"Summoning, Calling Up"
263,263,"Recall, To Summon"
264,264,"Orders, Commandments, Precpts"
265,265,"Ahamdzi, Name Of An Afghan Tribe"
266,266,"Stupid, Foolish"
267,267,"Situation, State, Condition, News"
268,268,"Squinter, One Who Squints Or Sees Objects Double"
269,269,"Revival, Vivification"
270,270,"Occasionally, Once In A While, Sometimes, If"
271,271,"Femur, Thigh Bone"
272,272,"Atsakzey, An Afghan Tribe"
273,273,"Dried Grapes, Raisins"
274,274,"Tent-Pole"
275,275,"Level, To Long Stitch, To Baste, To Tune, To Harmonise, To Attune, To Arrange, To Make Even, To Level, To Make Level, To Trim, To Make Even, To Reduce Or Remove Inequalities In Anything, To Reduce To An Even Surface, To Arrange, To Place In Order"
276,276,"Arrange, Beautify, To Make Smooth, To Harmonize"
277,277,"Endeavour, Effort, Inclination, Wish"
278,278,"Ouch, Ah"
279,279,"Coughing, Vigour, Strength"
280,280,"Skirmish, Clash, Quarrel"
281,281,"Newspaper"
282,282,"Akhtar, One Of The Two Annually Held Muslim Religious Festivals That Longs Three Days After The Month Of Ramazan, Eid"
283,283,"Invention"
284,284,"Sacrificial"
285,285,"Abbreviation, Abridgment, Brevity, Conciseness, Synopsis"
286,286,"Abridge, To Contract, To Abbreviate"
287,287,"Appropriation, Allocation"
288,288,"Specialized, Allocated, Appropriated"
289,289,"Concealment, Masking, Hiding"
290,290,"Embezzlement, Misappropriation"
291,291,"Difference, Discrepancy, Disagreement, Discord, Diversity"
292,292,"Disorder, Confusion, Indisposition"
293,293,"Suffocation, Suppression, Smothering, Stifling"
294,294,"Engaged, Busy, Occupied, Involved, Renderized, Castrated"
295,295,"Will, Option, Choosing, Wish, Authority"
296,296,"Optional, Voluntary, Arbitrary"
297,297,"Choice, Approbation, Power, Free Will, Option"
298,298,"Choose, To Adopt, To Approve Of"
299,299,"Lastly, Finally"
300,300,"Expulsion, Ejection, Banishment"
301,301,"Expel, To Evacuate, To Draw Forth"
302,302,"Exit"
303,303,"Knead"
304,304,"Brother In Law"
305,305,"Warning, Notice, Reprimand, Admonishment"
306,306,"Conversation, Friendly Talking, Mixingfriendship"
307,307,"Covering, Concealment, Hiding"
308,308,"Firebrand, A Spark Of Fire"
309,309,"Sincerity, Friendship, Affection"
310,310,"Sincere, Devoted"
311,311,"Morality, Morals"
312,312,"Moral, Ethical, Righteous, Virtuous, Cultured"
313,313,"Disturbance, Disorder, Perturbation, Commotion"
314,314,"Here And There, Around, This Way And That Way"
315,315,"Akhond, A Muslim Priest"
316,316,"Clay, Clay For White Washing Rooms And Walls, Mixture Of Clay, Straw And Water For Plastering Roofs And Walls"
317,317,"Plastering, Bedaubing, Plaster, The Plastering Of A Wall"
318,318,"Take"
319,319,"Plaster, To Besmear, To Overlay With Plaster, To Mend"
320,320,"Comprehension, Genius, Understandingcapacity"
321,321,"Fatty, Very Fat, Tired, Much Swollen"
322,322,"Performance, Payment, Discharge, Execution, Blandishment, Coquerty"
323,323,"Courtesies"
324,324,"Article, Tool, Instrument"
325,325,"Office, Bureau, Administration, Management, Direction"
326,326,"Pay, To Fulfil, To Perform, To Discharge, To Utter, To Enunciate"
327,327,"Politeness, Courtesy, Manners, Literature"
328,328,"Literary, Cultured"
329,329,"Literature"
330,330,"Urine, Involuntary Discharge Of Urine, Munificence, Liberality, Flowing Of Milk"
331,331,"Perception, Apprehension"
332,332,"Finder"
333,333,"Appearance, Birth, Coming Into Existence"
334,334,"A Holy Person, Mentor"
335,335,"Proper, Fitting, Becoming, Competent, Corresponding, Suitable"
336,336,"Fitness, Suitableness, Reasonableness, Justness, Worth, Desire"
337,337,"Purchase, To Buy"
338,338,"Following, Follower, Pursuer"
339,339,"Buy, Purchase"
340,340,"Buying"
341,341,"Following, Imitation, Prosecution, Pursuit, Investigation"
342,342,"Devil, Person Possessed Of A Devil Or Evil Spirit"
343,343,"Fat, Stout, Gross, Obese, Thick, Large"
344,344,"Leaven, Sweatmeat"
345,345,"Slipper, Shoe"
346,346,"Darn, Ti Fine-Draw"
347,347,"Ornament, Nose-Ring"
348,348,"Recognition, Knowledge, Cognizance, Familiarity, Understanding, Comprehension"
349,349,"Distinguish, Recognize By Recollection, To Know, To Be Famoliar With, To Be No Stranger To"
350,350,"Recognition, Knowledge, Cognizance, Familiarity, Understanding, Comprehension"
351,351,"Leprosy, Leper"
352,352,"Coin, Copper Coin"
353,353,"Befalling, In Front, Advanced, Before"
354,354,"Peshawer, Name Of A City"
355,355,"Event, Happening, Advanced, Before, In Front"
356,356,"Peshawar, City Of Peshawar"
357,357,"Native Of Peshawar"
358,358,"To Cause To Happen, Cause To Meet, Cause To Encounter, To Bring Into Notice, To Import, To Introduce"
359,359,"Happening, Accurring"
360,360,"To Happen, To Accur, To Have Interview With"
361,361,"Prudent, Provident, Wise"
362,362,"Prudence, Foresight"
363,363,"Anticipating, Being Beforehand, Surpassing"
364,364,"Anticipation, Excelling, Surpassing, Aggression"
365,365,"Early"
366,366,"Precursor, Leader"
367,367,"Dagger"
368,368,"Before, Prior, Sooner, Formerly, Heretofore, Ago"
369,369,"Before, Prior, Sooner, Formerly, Heretofore, Ago"
370,370,"Person Who Lives On Credit, Person Who Lives On Advance Of Wages"
371,371,"Advance"
372,372,"Trade, Custom, Habit, Pactice, Profession"
373,373,"Leader, Precursor"
374,374,"Artificer, Workman, Artizan"
375,375,"Artificer, Workman, Artizan"
376,376,"Message, Injunction"
377,377,"Prophet"
378,378,"Virgin, A Maid, Amaiden, A Damsel"
379,379,"Prophet, Messanger"
380,380,"Sarcasm, Taunt, Railing, Reproach, Opprobrius Language, Abuse"
381,381,"Anklets, Fetter, Ornament"
382,382,"Rope"
383,383,"Elephant"
384,384,"Fraud, Deceit, Artifice, Subterfuge, Imposture"
385,385,"Cocoon"
386,386,"Promise, Agreement, Confirmation, Asseveration, An Oath"
387,387,"Goblet, Certain Dry Measure"
388,388,"Measure, Limit"
389,389,"Five"
390,390,"Chuck"
391,391,"Bowl, Wooden Bowl, Piece, Patch"
392,392,"String, File, To Put On Aline, To Spit, To Pierce"
393,393,"Junction, Conexion, Friendship, Touching, Joining, A Join"
394,394,"Junction, Proximity, Contiguity, Closeness, Adhesion, Attachment"
395,395,"Joined, Contiguous, Attached"
396,396,"Junction, Connexion, Friendship, Attachment, Closeness, Junctions"
397,397,"Joined, Fasten, Tie, Bind, Connect, Attach"
398,398,"Joining"
399,399,"Thread A Needle"
400,400,"The Fifth Latter Of The Pashto Alphabet"
401,401,"You"
402,402,"Fold, Plait, Ply, Sheet, Noise, Sound"
403,403,"Plague"
404,404,"Plague"
405,405,"Police Station, Picquet, Guard"
406,406,"Compensate, To Make Amends, To Pay A Fine"
407,407,"Heat, Light, Splendour, Power, Strength, Endurance"
408,408,"Bright, Luminous, Twisted"
409,409,"Lattice, Skylight"
410,410,"Resplendent, Splendid, Glittering, Burning, Refulgent"
411,411,"Summer, Hot Season"
412,412,"Subject, Citizen, Follower, Adherent, Subordinate, Dependant"
413,413,"Dependant, Follower, Subject"
414,414,"Dependant, Follower, Subject"
415,415,"Citizenship, Subjection, Obedience, Subordination"
416,416,"Tableau, Panting, A Striking Scene"
417,417,"Shining, Giver Of Light"
418,418,"Coffin"
419,419,"Coffin, Bier, Ark Of The Covenant"
420,420,"Powers, Strengths, Endurances, Rages, Furies, Burnings"
421,421,"Tartar"
422,422,"Hell"
423,423,"Girth, Durrah"
424,424,"Sorrow, Sadness, Grief"
425,425,"Effect, Influence"
426,426,"Impression, Operation, Penetration"
427,427,"Crown, Crest"
428,428,"King, Prince"
429,429,"King, Prince"
430,430,"Merchant, Trader"
431,431,"Tajik"
432,432,"Tajikistan"
433,433,"Sounds, Musical Sound"
434,434,"Coin, Copper Coin, Money, Wealth"
435,435,"Jingling"
436,436,"Sound, To Make To Ring, To Make A Sound, To Jingle"
437,437,"Sound, To Grate, To Jar, To Creak, To Ring"
438,438,"Tube"
439,439,"Leap, Jump, Spring, Hop, Bound, Caper"
440,440,"Jumping Game, Crowd"
441,441,"Who, Whom"
442,442,"Quick, Fast, Swift, Rapid, Prompt"
443,443,"Mine, Subterranean Passage"
444,444,"Dry, Not Wet, Arid, Dried Up, Parched, Undamped"
445,445,"Without, Reason, Unduly"
446,446,"Impudent, Rude"
447,447,"Weanling, Child Stinted In Milk, Child / Animal Newly Weaned Before Its Time"
448,448,"Moist, Damp"
449,449,"Tall High Lofty"
450,450,"Dryness, Barrenness"
451,451,"Dryness, Dridity"
452,452,"Familiar, Acquainted"
453,453,"Stingy"
454,454,"Drought"
455,455,"Burning Fever"
456,456,"Burning, Fever"
457,457,"A Baby Weaned Due To The Birth Of A Mew Sifting Or Because Its Mother'S Milk Has Dried Up"
458,458,"Sterile, Barren"
459,459,"Wind-Pipe"
460,460,"Dryness, Barrenness"
461,461,"Dry Land"
462,462,"Dryness, After Raining Has Ceased"
463,463,"Tinder"
464,464,"Dry"
465,465,"Forehead, Brow"
466,466,"Dryness"
467,467,"Blotter, Towel"
468,468,"Become Dry, Dry Up, Become Parched / Arid"
469,469,"Monotheism"
470,470,"Unity, Oneness, Singularity"
471,471,"Wild Beast"
472,472,"Barbarism, Barbarity, Savagery, Wildness"
473,473,"Horrible, Frightful"
474,474,"Dreadful, Frightful, Horrifying"
475,475,"Female Wild Beast"
476,476,"Wild, Savage, Ferocious"
477,477,"Savage, Wild"
478,478,"Wild, Savage, Barbaric, Fierce"
479,479,"Revelation, Inspiration, Voice"
480,480,"A Small, Load Carried On The Back"
481,481,"Black Raisin"
482,482,"Raisin, Kind Of Riasin With A Stone, Raisin / Currant"
483,483,"Pole Mast Of Tent"
484,484,"Black Raisin"
485,485,"Ouch Ah Alas"
486,486,"سپكوالى ټيټوالى ."
487,487,"شرمول ، ناارامه كول ، اريانول"
488,488,"بى شرمه"
489,489,"شرمندګي"
490,490,"(ج) ( دقانونى وارث څخه پخوا ) يوشى نيول، غصبول.  ( شمير ): (اندازه )، ټيټول ( درجه، رتبه )"
491,491,"غصب، نيونه.  لږ ونه، ټيټونه،(ح) دميراث داندازى ) لږول."
492,492,"له محورڅخه ليرى ."
493,493,"ساتونکی ، امر (مو)"
494,494,"لنګر (خانقاه)، دير، صومعه"
495,495,"دصومعی ، مشردخانقا"
496,496,"لنډول، وړوكى كول ، تلخيص، مخفف كول ."
497,497,"لنډيز، اختصار، مخفف"
498,498,"پريښودل (په رسمي توګه): خلع کول(دځان يابل) لاس اخيستل، لاس لنډول"
499,499,"ګوښه کېدنه ، لاس لنډونه ، لاس اخيستنه"
500,500,"نس ، خيټه ، ګيډه"
501,501,"تښتونه، اختطاف ( جر) دزخم يا كسر څخه وروسته دجسم دځينو برخو بيلول: دغړو ( يو له بل څخه ) دجلا كېدو فعاليت."
502,502,"ابجد ته منسوب : ابجد ويونکي : دالفباپه ترتيب : ( امر ) مبتدي زده کونکی : دالفبا ښوونکی ."
503,503,"په بستره کې"
504,504,"بې لارې کيدل : سمه لار پريښودل"
505,505,"(له سمې طبيعي معمولي لارې څخه) كږېدل: ذهني انحراف."
506,506,"پارول ( بدوکاروته ): مرسته کول ( په بدوکارو کښې ): لمسول ."
507,507,"ټال ، ځنډ ، ډيل"
508,508,"ځنډيدلی ، ټال شوی ."
509,509,"کرکه کول، بدوړل ، وېرېدل ( له کوم شي څخه )."
510,510,"کرکه ، ډډه کول ، وېره."
511,511,"كركجن"
512,512,"اوسېدل، پاتې كېدل ( پرځاى ): زغمل: مخامخ كېدل"
513,513,"ولاړ ( پرخپلې خبرې عمل )."
514,514,"وړوالى: توان، مهارت،قابليت."
515,515,"ټيټ، خوار، رټلى،سپك."
516,516,"په لوړه پرېښودل م، سوګند): دنه منلو لوړه كول ( د)."
517,517,"ايسته كول: پرې كول: له منځه وړل."
518,518,"(ګر) جرى (حالت) لكه كاله ته، له كاله څخه، په كاله كښې."
519,519,"ځلاند لګېدلى ( په اور ): مشتمل."
520,520,"وړ، تكړه،قابل."
521,521,"قوي، روغ ( جسماً)."
522,522,"دغوړېدلو په حال كې: پرغوړېدو (ګل )."
523,523,"دخجالت په حال كې، سور( له خجالت څخه ): شرمنده."
524,524,"اودس، غسل، دخاصو مراسمو دپاره دځان پرولل."
525,525,"انكار كول، پرېښودل."
526,526,"انكار، ځان هيرونه."
527,527,"منكر: ځان هيروونكى."
528,528,"غير نور مال، بې قاعده،غير طبيعي، غير عادي."
529,529,"بې قاعده ګي."
530,530,"په غير طبيعي توګه"
531,531,"په ( بېړۍ، اورګاډى، الوتكه ) كې يا باندې."
532,532,"له منځه وړل، لغوكول."
533,533,"دهر شي په تېره بيا دمرييتوب دلغو كولو پرخوا."
534,534,"كركجن."
535,535,"كركه كول: ډېربدوړل."
536,536,"خوشي کول ، پريښودل ، له ټولو ادعاوڅخه تېريدل"
537,537,"پريښودنه ، ترک"
538,538,"( د) له خولې څخه ليرى."
539,539,"پخوانى اوسېدونكى ( ديوې سيمې )، اصلي، لومړنى، بومي."
540,540,"زيانول: نقصانول (اولاد )."
541,541,"داولادزيانولو عامل."
542,542,"(طب) بې وخته زيږېدنه، دحامله توب په لومړيو درومياشتو كې"
543,543,"پخواله وخته زېږېدلى: ناكام: نيمګړى: له ودې لوېدلى: شنډ."
544,544,"پرپيمانه، زښت، ډېر، ( پيداكېدل )."
545,545,"پرېمانه، ډېر، كوټه."
546,546,"ګردچاپير، شاوخوا، ( دزمان مكان،حجم له مخې ): برخه ( كې ): باره (كې)،لږو ډېر،تقريباً."
547,547,"پورته ( له ): پاس ( تر): لوړ ( له ) ( په درجه، مقدار، شمېر او ارزښت كې )."
548,548,"پاس يادشوى، پروتنى."
549,549,"نوموړى ."
550,550,"څرګند، په ډانګ پېيلى: بې پلمې."
551,551,"موښل، سولول، ګرول، توږل، شو كاريكول."
552,552,"سولونه، ګرونه، توږنه."
553,553,"هغه شى چې دموښلو سولولو،ګرولو او توږلو دپاره استعمالېږي لكه دتېغ دتيره كولو څرخ."
554,554,"په كتار_ په يوه ليكه ( چه مخونه يې يوې خواته وي ): څنګ پرڅنګ."
555,555,"لنډول، لږول، نيمګړى كول."
556,556,"لنډيز، لنډون، لږوالى، لږونه."
557,557,"په پراخه سيمه (كې): به، په سارا: له كوره دباندې: باندنى هيواد (كې، ته)."
558,558,"لغو كول: له منځه وړل: منسوخ كول."
559,559,"لغو كونه: له منځه وړنه باطلونه."
560,560,"باطلوونكى: له منځه وړونكى."
561,561,"ناڅاپه، ناببره، يوه ناڅاپه، مخ په ځوړ، ناڅاپې ( بدلون )."
562,562,"ناڅاپي ( پرې كېدنه، بېلېدنه )."
563,563,"ناڅاپه، ناببره، په ستغه لهجه."
564,564,"دانه، ښنځه، ښنځكۍ، دوجود په كومه يوه برخه كې دزوو ( نو) ټولېدنه."
565,565,"تښتېدل اوپټېدل ( په تيره بياله قانون څخه )."
566,566,"غيرحاضرى، وركه،نشتوالى."
567,567,"غير حاضر، ورك، نشت."
568,568,"ورك، بې پتې، غايب."
569,569,"بې پامه، هير جن، چورتي."
570,570,"بشپړه، پوره، بې حده، مطلق: يقيني او مثبت، بوب ( خالص ) اّّزاد ( دنورو شيانو له قيد او ارتباط څخه ): قايم بالذات."
571,571,"مطلق صفر يعنې ( ٢٧٣-) درجې سانتي ګريد."
572,572,"بشپړه- په يقيني او قطعي صورت، په مطلق ډول، بېخي."
573,573,"هغه تيورى چې حاكم دمطلق واك څښتن بولى."
574,574,"دټولواكۍ ( مطلقيت ) پرخوا."
575,575,"بخښل ( دچاګناه، چاته پور): خلاصول ( له تور څخه: معافول."
576,576,"زغمل ( لكه سپنج چي اوبه زغمي: جذبول: حل كول ( په ځاى كې ) نېول ( وخت ): اړول ( پام )."
577,577,"زغملى: جذب شوى: نيولى ( وخت ): اوښتى ( پام )."
578,578,"جذبوونكى ( درطوبت اوبو، رڼا…"
579,579,"په زړه پورې."
580,580,"زغمېدنه: حل كېدنه: توجه اوښتنه."
581,581,"ډډه كول ( له ): لاس اخيستل ( له )."
582,582,"لاس اخيستونكى ( په تيره له شرابو څخه )"
583,583,"اعتدال ساتونكى ( په خوراك او څښاك كې )."
584,584,"په اعتدال: په امساك."
585,585,"اعتدال اوسوګتى ( په خوراك او څښاك كې )."
586,586,"ډډه كول: دممتنعې راى وركول."
587,587,"لاس اخيستنه: ډډه كول."
588,588,"ځان ساتونكى ( له كوم خوند، هوس څخه ): پرهېزګار."
589,589,"دپرهېز په توګه"
590,590,"مجرد، ذهني ( چه په طبيعت كي موجود نه وي لكه هندسې شكلونه ).  خلاصه، لنډيز  لېرې كول: بيلول: تجريدول: خلاصه كول ( فل ) تجرېدول ( لكه ديوه شي دخصوصي مواردو له كتنې څخه وروسته دهغه په باب ديوه عام مفهوم وروسته دهغه په باب ديوه عام مفهوم قايمول )."
591,591,"بېل شوى، ګوښى شوى."
592,592,"بېلونه: تجريد، بېلېدنه."
593,593,"پېچلى، نغښتى (كلام): پېچلى ( چې پوهېدل يې ګران وي )."
594,594,"په پېچلي ( توګه )."
595,595,"پېچلتوب ( دكلام )"
596,596,"چټي، پوچ، بې معنى، مبتذل."
597,597,"چټې توب، پو چوالى،او."
598,598,"په نامعقولۍ: په بې ربطۍ: په چټي ( توګه )."
599,599,"بې ربطې: ابتذال."
600,600,"پريماني، ډېرښت"
601,601,"زياتوالى، پريماني."
602,602,"زيات، ډېر، خوراډېر."
603,603,"پرېمانه"
604,604,"ناوړه استعمال، ناوړه، ناجايزه، ښكنځا: ګټه، ټګي، غولونه، ژوبلونه، تېرى.  ناوړه او بېځايه استعمالول ناوړه ګټه كول ( له ): ټګي كول ( په اعتماد كې ): تېر ايستل: تېرى كول."
605,605,"ناوړه"
606,606,"غولوونكى: تېرى كوونكى په ناوړه توګه."
607,607,"بېځايه، له ټګي ډك"
608,608,"تكيه كول ( په ): نښتل ( له )."
609,609,"سره لګېدنه، هغه برخه چې په بل باندې تكيه وى: دتكيې ځاى."
610,610,"سرحد، وېش."
611,611,"ډېر ژور: بې تله ( پايه ): بې حده ( ژور)."
612,612,"ژور، بې حده ( ژور ) ناپايه."
613,613,"بې حده ژور ډنډ، داوبو ګرځنى ( ګرداب ) : دوږخ: ډېر ژور: دسيند ژورې ( برخې ): نه اندازه كېدونكې كنده."
614,614,"بې تله: ناپايه"
615,615,"غز ( يو بوټى چې له لښتو څخه يې ټوكړى اودل كېږي ) غز( يوه ونه چې سرې لښتى لري ): اكاسي ( ونه )."
616,616,"داپلا تون فلسفې ښوونځى پورې مربوط: علمي، هنري ټولنې ته منسوب: شكاك: په علمي توګه: رسمي: نظري ( نه عملي ): اپلاتوني فيلسوف: دعلمي هنري ټولنې غړى."
617,617,"اكاډمۍ غړى"
618,618,"(لر) داپلاتون فلسفې ښوونځى: ټولنه (علمى، هنرى)."
619,619,"رسېدل ( تخت، منصب، رتبې ته ): يوځاى كېدل ( له ): موافقت كول ( له )."
620,620,"موافقت."
621,621,"ګړندى كوونكى دګړنديتوب عامل."
622,622,"ګړندى كول: ګړنديتوب راوستل ( په تګ، پرمختګ، پېښدوكى ): سرعت وركول."
623,623,"ګړنديتوب، بيړه، تدريجي سرعت."
624,624,"ګړندى كوونكى ( شى، څوك ): يوه ماده چې كيمياوي تعامل ګړندى كوي : زور ( په څپه، سيلاب )"
625,625,"لفظ، دموسيقې نوټ ): دخج نښه: دتورې په سرنښه ( چه دتلفظ دجګوالي او ټيټوالي زور، او ږدوالى، كيفيت ښيي ): ټينګه ( لهجه ): تاكيد: بيلوونكى نښه: دوينا ( ځانګړى، خاص، بېل ) ډول."
626,626,"دخج له پلوه خجيز"
627,627,"زور اچول ( په ) : خج وركول ( لغتونه ): په خجيز ډول تلفظ كول: په ساز ( موسيقې ): كې دخج رعايت كول"
628,628,"منل: قبلول، موافقه كول، جواب وركول ( موافق ): لوز ( وعده ) كول ( دادا كولو): منل ( دمعنى له نظره )."
629,629,"مننه، هر كلى، قبلونه ( تج ) منل شوى حواله."
630,630,"دمنلو وړ، غوره"
631,631,"په غوره توګه: په منلې توګه."
632,632,"رواجي معنى، ښه هركلى، تو دهركلى."
633,633,"جشن، خوښى، خوشحالى."
634,634,"اميل، هار."
635,635,"په يوشى پسې تلل، دهغه را اخيستل او راوړل، بودول، پسې تلل، راګرځول، را ستنول: خرڅول، پلورل: ايستل: وهل: اجراكول."
636,636," اصط) زړه را كښونكى، په زړه پورې، ګلالى."
637,637,"جشن، مېله."
638,638,"طلسم، تعويذ، بلا بند : نامعقوله نمانځنه: زياته مينه."
639,639,"هغه عقيده چه بې روحه شيانو ته په روح قايل وى او نمانځنه يې كوى: خرا فات، په جادو باندې عقيده."
640,640," بد بويه، بدوږمه."
641,641,"طلسم، تعويذ، بلا بند : نامعقوله نمانځنه: زياته مينه."
642,642,"هغه عقيده چه بې روحه شيانو ته په روح قايل وى او نمانځنه يې كوى: خرا فات، په جادو باندې عقيده."
643,643,"ښنګرى (داّس)، داّس دښنګرى وېښته."
644,644,"ځولانه كول، ښكېل كول، دوربلول."
645,645,"وضع، حالت، څېره، بڼه."
646,646,"جنين، جنينى."
647,647,"تربګنى، دښمنى، بدى."
648,648," فيوډالى، خانى، خانخانى، ملوك الطوايفى."
649,649,"فيوډالى حكومت، فيوډالى سيستم."
650,650,"ملوك الطوايفى،خانى."
651,651,"تبه، ګيڼۍ، هيجان."
652,652," تبجن."
653,653," په ګبڼو، په شوق په تبجن ډول."
654,654," څو، لږ."
655,655,"لږ والى."
656,656,"تركى خولۍ، رومى خولۍ، سره زونډى وره خولۍ چه پخوابه تر كانو، پرسر كولې."
657,657,"نا مزاد (سړى)."
658,658,"كوژده شوې نجلۍ، ور كړې نجلۍ، په نامه شوې."
659,659,"ماته، ماتى، دخندا وړ ناكامى."
660,660,"امر، حكم، فرمان."
661,661,"وړه اشتباه، وړه غلطى،لږ شانته درواغ، (اصط) دوړى سوړى."
662,662,"دوړن، لږ شانته درواغجن."
663,663,"ريښكۍ، تار، سپڼسى."
664,664," دتار، دسپڼسى، دريښكۍ."
665,665," ارين، ريښكۍ ييز، سپڼسين."
666,666,"وړكتون: بوزغلى، قورپه"
667,667,"روزل شوى كوچنى دداځو ياپرستارى په لاس"
668,668," روزنه ، پالنه : خواړه،تغذ يه،مندكه، ميندكه، زړى، زڼى: خښته، پيچ ( فازى )، نټ."
669,669,"مند كه ما تونكى يوډول مرغه ."
670,670,"شين توپى، شيدوپى شينكى ( يوډول جو غكه )."
671,671,"يوډول دديك مساى چه په پخلى كى استعماليږى، يوډول اغوز"
672,672," مغذى."
673,673,"خواړه، غذا، خوړونه، تغذيه"
674,674,"خواړه، غذا"
675,675," مغذى"
676,676," مغذى"
677,677,"دمندكوپوستو كى."
678,678," له زړيوډك زړى لرونكى ( لكه ځينى ميوې ): دزڼوك: خوندور."
679,679,"په پزموهل، په پزى پورى وهل، روزل: تربيه كول."
680,680,"قايلون: يوډول تركيى ټركر چه له سكرو، هوااواوبوڅخه يې جوړوى"
681,681,"موره چه په غرو، لښتو او ونوكىاوسيږ ى: ښكلې، پى مخى او ناز كه پيغله"
682,682,"دانګليسي ژبې دالفبا پنځلسم توری"
683,683," بجه."
684,684," ټيك، صحيح، سم."
685,685,"پڅ ، بې عقل،احمق."
686,686,"څيړۍ ( بلوط )"
687,687," دڅيړۍ."
688,688,"زړه رسۍ چه دبيړيو دسوريو اوچا كوپه بند ولوكى استعماليږى."
689,689,"دبيړۍ راشبيل ( پارو ) هغه چه دكوچنيوبيړيو دبيولودپاره استعماليږى."
690,690,"دبيړۍ په څنډه كى هغه كنډګي چه پاروپكى ايښودل كيږى."
691,691,"را شبيل وهونكى."
692,692,"رغياڼه ( واحه ) شينلى."
693,693,"سارايى اوربشى."
694,694," وربشينه."
695,695,"لوړه ( قسم )."
696,696,"هغه خواړه چه له سارايى وربشو څخه جوړ شوى وى."
697,697,"ځېل، لجاجت."
698,698," ځيلى ( لجوج ) سرسخت، په زړه كلك، بې زړه سويه."
699,699,"مننه، قبلونه."
700,700," منونكى، مطيع، فرمان وړونكى."
701,701," په مننه، په اطاعت."
702,702,"ټيټيدنه ( دتعظيم دپاره )."
703,703,"دتيږى څلور كونجه ستنه ( ستون ) چه سريې دهرم په شان وى."
704,704," ډير چاغ ، قوى."
705,705,"چاغوالی ، ترخپل حد نه چاغ ، مزى توب."
706,706,"منل، غاړه ايښودل، قبلول، دچا خبره منل."
707,707,"دمړينى خبر."
708,708,"ګوته نيول، اعتراض كول، مخالفت كول."
709,709,"روغه غوښتونكى ."
710,710," سوكه كول، ارامول، كرارول ، على كول ."
711,711,"دټګۍ اوبرګۍ په اثرلاس ته كول، دچل ول په ذريعه بودول ."
712,712,"پنډه، پنډه كى، ګيډۍ غوټه، قطى، بكس ، كڅوړه ."
713,713,"پنډكوونكى، ګډى كوونكى، راغونډوونكى، بارتړونكى دقطى ډكوونكى."
714,714,"كوچنۍ غوټه ،( پارسل )،  پنډه كى، هغه بيړۍ چه  دپوستي غوټې له يوه ځايه بل ځاى  ته وړى"
715,715,"كته ، موړه"
716,716,"مرغلين تار، كلك مزى"
717,717,"تړون، معاهد."
718,718,"كونستر ګى، ناليګۍ، ناليچه  هغه كلكه  اوهواره كاغذى يادلرګي دړه چه دليكودپاره استعماليږى، دځينوژوودپښو پل ( لكه دګيدړي اوداسى نورو )."
719,719,"دناليګۍدجوړ ولوعمليه، هغه مواد چه په ناليچه كى اچول كيږى"
720,720,"پارووهونكى، چپه كښ"
721,721,"پره  لرونكى څرخ، پره والا څرخ ، هغه څرخ چه غاښى غاښى وي، غاښور څرخ ، پري پري څرخ ."
722,722,"څړځى، ورشو(چه شپول ته نژدى وى)"
723,723,"كولپ ، كلپ ،   قفل ."
724,724,"پلار پادرى، (دعيسوى ملا، پادرى، ( دعيسوى  ملايانولقب ) دبيړۍ مشر."
725,725,"دخوشالۍ سندرى، حماسى سندرى"
726,726,"مشرك ، كاپر (كافر) ينه ."
727,727,"بى ديني ."
728,728,"مخ، صفحه، ( لكه دكتاب اوداسى نورو"
729,729,"ننداره، ښودنه، نمايش، منظره، بى اساسه نمايش."
730,730,"له برمه ډك ننداره، شان داره ننداره"
731,731,"برج ډوله ماڼۍ، څوپوړ بزه ماڼى، بتخانه"
732,732," د Pay ما ضی او دریم حالت"
733,733,"بوكه (٢) هغه لوښۍ چه اوبلن شيان  له يوه ځايه بل ځاى ته په كى وړل كيږى . -  (١) ستل، سلواغه."
734,734," يوستل (اوبه )"
735,735,"خوږ، درد، سزا، رنځ، كړاو"
736,736," خوږمن"
737,737," په خوږ منه توګه ، په ربړ ."
738,738," بى خوږ و، بى درده"
739,739," زياركښ، ربړ ګالونكى  ډبرمحتاط ."
740,740," په احتياط"
741,741," رنګول، انځو رول ( نقاشى كول )."
742,742,"در نګولو برس"
743,743,"رنګوونكى، رنګمال"
744,744,"رنګونه."
745,745,"جوړه، جوت ( جفت )"
746,746,"څڅېدل، بهېدل."
747,747,"څڅېدنه، بهېدنه، څڅوبى."
748,748,"غيب ويونكى، په پټو پوه، سترګور: ځيرك، دنظر خاوند: پيغمبر."
749,749,"باڼيچك يا باڼي چغ، غنجلبيكه، غنجرباز، ډيمباچك، دنګ."
750,750,"خوټول، ايشول، جوشول، ګبڼۍ اخيستل، خوټېدل، ايشېدل."
751,751,"برخه، ونډه، ټوټه: قطعه (هندسه): كړۍ: بند."
752,752,"بيلول، جلاكول، ګوښي كول: يوازي كول، تبعيض كول."
753,753,"بېلتون، توپير، تبعيض."
754,754,"ښاغلى: خان، سردار، زميندار."
755,755,"تور، دكبانو جال، توپان جال"
756,756," دزلزلې، زلزليز."
757,757," زلزليز، دزلزلې."
758,758,"نيول، لاندې كول، قبضه كول، بريد كول: وهل، ګيرول،اثر اچول، ضبطول،اخيستل، ټينګول، په منګول كې نيول: په غوټه اخيستل، ناڅاپه نيول."
759,759,"نيونه، ناڅاپي بريد، راتلنه (لكه دناروغۍ)."
760,760,"ډير لږ، يو نيم وار، كوم وار، كله كله، ندرتا."
761,761,"خوښونه، ټاكنه، انتخاب غوره كول، (بيالوجي) دتكامل دقانون دمخې وژوندى دښونو عوژوندى پاته كېدنه (بقاء اصلح)."
762,762,"په اريانوونكى توګه، په عجيبه ډول."
763,763,"ترنګ، اهتزاز ( موسيقي )."
764,764,"رېږد، لړزه، جړك، ټكان (لكه دزلزلې)"
765,765," رېږدوونكي، لړ زوونكي: ډاروونكي، ډارن: ړچنده، خوځنده"
766,766,"په رېږدېدا"
767,767,"موږى، دلرګي مېخ."
768,768," كنده كېدل، لښتى اېستل: مورچل جوړول، پت غالي كيندل: تېرى كول، لاس اوږدول.  نرى لښتى: كنده، ژور غالي: مورچل، پټ غالي"
769,769,"تېره: روڼ، څرګند: ځيرك."
770,770,"دغوښو او ډوډۍ دپرېكولو پتنوس وزمه دړه."
771,771,"خېټو، ګېډو، نس پړسى."
772,772," خوا، مخه، تګ لار، ميلان، تمايل  يوې خواته مخ كول، تمايل ښوول: پاملرنه كول"
773,773," په اره سورى كول ( دكوپړۍ ).  دكوپړۍ دسوري كولو اره ( جراحي )."
774,774,"دسرد كوپړۍ دسوري كولو اصلاح شوې اره."
775,775,"رېږد، ترهه، تراره، وېره"
776,776," تېرى كول، لاس اچول، زور زياتى كول: ګناه كول: بريدماتول، ترپولې ورتېرېدل."
777,777,"تېرى كوونكى."
778,778,"كوڅۍ، چوټى."
779,779,"ګړونج، پايه، خرك."
780,780,"درې ګونى، ددرو شيانو مجموعه."
781,781," اّزمايښتي.  ازمايښت، اّزموينه: ځوروونكى ( شى ): كوښښ: محاكمه، مقدمه."
782,782,"مثلث، درې ګوټه"
783,783,"درې ګوټيز، مثلثي."
784,784,"په مثلثو وېشل، ردې ګوټيز كول."
785,785,"قبيلوى، قومي."
786,786,"ټبر، قبيله، توكم، كهول، خېل، كورنۍ ( لكه دژوو )."
787,787,"دقبيلې غړى."
788,788,"كړاو، نول، ناورين"
789,789,"دقاضي ګدۍ ( مسند ): محكمه"
790,790,"قضا"
791,791," په لرغوني روم كي دخلكو دازادۍ او حقوقو ساتونكي: دخلكو مدافع: ټريبيون ( دخطابې مېز )، دريځ."
792,792," كلنګ وركوونكى: كومكي سيند، تابع.  كلنګ وركوونكى، باج وركوونكى: كومكي ( لكه فعل )، معاون ( لكه سيند)."
793,793,"باج، خراج، جزيه: نمانځنه، ستاينه، مننه."
794,794,"شېبه، درنګ."
795,795,"دمټ درې سرې پله درې سرى."
796,796," غولول، تېراېستل: چل كول، ملنډې وهل: سينګارول.  چل، چم، تېراېستنه، غولونه: ځيركي، چالاكي: خاص عادت، خاصيت، ځانګړى خوى."
797,797,"چل، تېراېستنه، غولونه، چالاكي."
798,798,"څاڅكي، څاڅكي څاڅكي  څڅېدل، څاڅكي څاڅكي تويېدل."
799,799,"چلباز، چلى، چالاك، ټګ"
800,800,"دچل، چلى، چلباز."
801,801,"درې رنګى ( بيرغ )."
802,802,"درې رنګى ( بيرغ )."
803,803," درې څوكى غاښ  درې څوكى، درې سرى،دري غاښى، درې غوږى"
804,804,"درې ارابه ييزه سايكل، ټرى سايكل، درې څرخي."
805,805,"درې غاښۍ، درې غاښې نيزه"
806,806," ازمويل شوى، دډاډ وړ، تجربه شوى: خالص، صاف شوى."
807,807," درې كليز، درې كلن, درې كليزه پېښه: دريمه كاليزه ( دپېښى )."
808,808," بابېزه ګړېدل، په ټوكو تېرول ( خبره ).  كم ارزښته، خوشى، بابېزه."
809,809,"سات تېروونكى، وخت اړوونكى."
810,810,"بې ارزښته،لږ، وړوكى."
811,811,"سوتره، سوچه، سپېڅلى، سينګار شوى: ځيرك."
812,812,"ماشه."
813,813,"دمثلثاتو."
814,814,"دمثلثاتو"
815,815,"مثلثات."
816,816," لړزند ږغ، په مخرج كې دسره ورته بې غږو تورو ژرژر تكرار: دموسيقي رېږدېدونكى ږغ."
817,817," زربليونه ( په امريكا او فرانسه كې ) يومليون بليون ( په المان او انګلستان كې )."
818,818," درې ګونې ځانګړي هنرى اثار چې ديودبل بشپړوونكى وي، درې ګوني مقالې."
819,819," سوتره، سينګار شوى، بشپړ جوړ، ډولى.  چمتووالى ( لكه دبېړۍ )، تيارى.  سمول، سمبالول، جوړول، بياتي كول،خريل، سينګارول، پرې كول، سركپ كول ( لكه ونې )."
820,820,"درې توليز نظم، درې تاليز نظم."
821,821,"په سينګار، په ډول."
822,822," سينګار وونكى، ښكلوونكى: دوخت سره چلېدونكى، اپرتونست: په بېړۍ كې دوزن انډول جوړوونكى."
823,823,"جوړښت، ښكلا"
824,824,"درې ستوى، درې ګونې، درې چنده."
825,825,"دتثليث منونكى."
826,826,"تثليث"
827,827,"ارزان بيه ګاڼه: ګوډۍ، نانځكه، لوبتكه."
828,828," درې ګونې، درې تنه، درې كسيزه ډله: درې كسيزه سندره، درې سازيزه سندره."
829,829," اوچت ګام، چست تګ: چكر، لنډ سفر، دوره: بودرۍ، تير وتنه، غوليدنه.  اوچت ګام اخيستل، چست ګام اخيستل، سپك تګ كول: بودرۍ خوړل، تيندك خوړل، تيروتل، ښوييدل: خوشې كول، خلاصول، ايله كول."
830,830," درې برخيز، درې ټوكيز: درې ګونې، درې اړخيز، درې خواييز."
831,831,"لرې ( لكه دغيي ) چټيات، بې ارزښته شى."
832,832," درې ستوى كول، درې ګوني كول.  درې ګونى درې كسيزه ډله."
833,833,"درې ګوني (اولاد)."
834,834,"وګوري. (Triple)"
835,835," يوپه درې كول، درې ګوني كول.  دريمګړى، دريمه نسخه.  درې نقله ( لكه درسيدونو ) سه پارچه"
836,836,"ناسوركيدنه ، ناسور"
837,837,"ناسور، ټپى، قرحه لرونكى."
838,838,"دليچې هډوكى ،څنګل"
839,839,"شوغه ، چپن ."
840,840,"اخوا، پوري غاړه ، رپورې. غاړي: ليرې وړاندې، راتلونكى."
841,841,"وروستنى، نهايى، ډېر لرې ډېر لرې، ډيروړاندې، ړومبنى، اعظمى، غايى."
842,842,"په پاى كې ، په نتيجه كى"
843,843,"وروستى ټكى (شرط ياخبره )."
844,844,"له پرتى وتلى، بۍ حده له كرښې او ښتى، دبريده وتلى،افراطى، دمونډيز(اساسى) بدلون غوښتونكى، راډيكال.  (مختاړى) پورې خوا(ماوراه ) اخوا: له حده زيات ."
845,845,"خوراډير ليوال."
846,846,"زښت ډېرساده"
847,847,"خوراډولى، ډولى، ډېر فيشنى."
848,848,"خورالاس پراخى،ارت لاسى، دلوييء سيني خاوند، ډير ازادي غوښتونكى."
849,849,"زښت ډير وفادار، خورا پتى"
900,900,"دجبهې بدلون، مخه ګرځونه: بدلون، اوښتنه، ګرځيدنه (په سياس، نظامي چارو نظريې او نورو كې.)"
901,901,"ژبور، ژبغړاند، وياند، فصيح."
902,902,"په روانۍ، په ژبور توب، په فصاحت."
903,903,"ټوك، جلد ( دكتاب ) حجم: ډيرۍ، دلۍ، انبار، كوټ، دغږ ډكوالي يا جګوالي."
904,904,"دحجم، دحجم په اندازه كولو پورې مربوط."
905,905,"ډير كا تيز، غټ، ډډبډ: ډير ليكونكى."
906,906,"په خپله خوښه، رضا كارانه، په اختياري ډول، په قصدي توګه."
907,907,"خپل خوښيز، دخپلې خوښې ( كار، عمل ) ارګان غږونه ( په مذهبي عبادت كې ).  اختياري، داوطلب، افتخاري: ارادي، خپل اندى، قصدي."
908,908,"په خپله خوښه وركول, په خپله خوښه وروړاندې كيدل.  خپل خوښيز، دخوښې: درضا كارو، دسر تيرو، دايله جارو.  خپل خوښى ( رضا كار )، داوطلب: ايله جاري، سر تيرى."
909,909,"چړچو، عياش، چړچې."
910,910,"چړچو، عياش، دمزو، نفساني، شهواني: لمسوونكى، شهوت پاروونكى."
911,911,"چړچې، عيش، شهوت."
912,912,"كوړى كوړى انځور، تاوراتاو انځور: (ژوپوهنه) ګوجى."
913,913,"كانګې ورتلل، قى كيدل: په زوره ګرځيدل، په زوره ار تاويدل، جاروتل, ګرځول، كانګې كول، جار ايستل: په زوره ګرځول، په زوره ارتول.  كانګې (ګرځول)، خوا ګرځيدنه، قى: دكانګو ناروغي."
914,914,"له،د: په جرمني او اتريشي ژبه كې دشخصي نومونو تر مخ داشرافيت نخښه ده."
915,915,"په افريقايي تور پوستو كې دټوټكه مارۍ او كوډو مذهبي عقيده: تور پوستي ټوټكه مار، كوډګر: جادو، ټوټكه مارى، كوډګر."
916,916,"په افريقايي تورپوستوكې دكوډګرۍ او ټوټكه مارۍ عقيده: كوډې، جادو، ټوټكه مارى."
917,917,"خيټو، سراښ، حريص: ليوال."
918,918,"سراښى، لالچ، حرص: ليوال تيا"
919,919,"غولۍ، غړومبۍ، ګرداب بړيوكۍ."
920,920,"دمذهب يا عقيدې فدا كاره او ځان بخښونكى ښځه: مريده، شاګرده."
921,921,"دمذهبي يا مذهبي عقيدې فدا كار او ځان بخښونكى سړى: مريد، شاګر."
922,922,"دمذهب يا عقيدې فدا او ځان بخښونكى: مريد، شاګرد."
923,923,"ميرن، رايه وركول، اڼول، غوره كول، خوښول: تړه كول، په عامو رايو څرګندول.  رايه، ووټ، خوښه، نظريه، خوښونه، ميرنه، اڼونه، انتخاب: دخوښې لوواك، داڼونى اختيار، درايې وركولو حق: انتخابات، درايو اخستنه، رايه وركونكى، دخوښې څرګنديدل درايې ښكاره كيدل."
924,924,"خوښوونكى، انتخابوونكى، رايه وركوونكى."
925,925,"دمننې، دنذر، په نذر كې وركړشوى."
926,926,"په غاړه اخستل، ضمانت وركول، تائيدول، لوول, لووى كيدل، شاهد كيدل."
927,927,"په غاړه اخيستونكى، ضامن: لووى، شاهد: سند، ضمانت ليك."
928,928,"مهرباني كول، لطف كول، په مهربانۍ وركول."
929,929,"په ودانيو كې پايې چې محراب وزمه اډاونه جوړوي."
930,930,"منښته: نذر: لوړه، لوز، قسم، وعده، ژمنه:  منښته كول، نذر منل: لوړه كول، سوګند كول، ژمنه كول, نذر كيدل."
931,931,"غږيز، ږغيز، دعلت تورى غږ وال تورى."
932,932,"سفر كول ( په سمندر كې ): سفر كول ( په الوتكه كې ).  ساه ( سمندري يا هوايي )."
933,933,"مسافر ( سمندري )."
934,934,"په كانا ډاكې ښكاري ماڼو ګۍ چې په باړه دپوستكو له پاره حيوانات نيسي او يا دغه پوستكى وړي او راوړي."
935,935,"(افسانه) په لرغوني روم كې داور او فلز كارۍ رب النوع."
936,936,"يو ډول كلك ربړ."
937,937,"په كميايى لاره دربړ كلكوالى، ټينګوالى او دراكښون دقوت سمون."
938,938,"په كميايى لاره دربړ كلكول."
939,939,"په كميايى لاره دربړ سموونكى."
940,940,"شډل، شاړ، بې ډبه، مبتذل: ولسي: عاميانه: ولس: ولسي، سكنى: ناروزلى، بې ډبه: بې ذوقه."
941,941,"عام كسر"
942,942,"سپك بډاى، بې ډپه شتمن."
943,943,"شډلتيا، بې ډبتيا، لواړ والى، ناروزلتوب، عاميانه والى، بازاريتوب: دوينا شډلتيا، دخبرو بې ډبتيا، دژبې لوړوالى."
944,944,"شډلتيا، بې ډبتيا، لواړوالى، ناروزلتوب، عاميانه والى، بازاريتوب: دوينا شډلتيا، دژبې لواړوالى."
945,945,"شډلولو، لواړول، عاميانه كول، مبتذل كول."
946,946,"په لاتيني كې دانجيل نوى ترجمه چې په څلورمه مسيحي پيړۍ كې دسن ژروم له خوا شوې او وخت په وخت نوې شويده."
947,947,"كيدونكى: يرغل ته جوړ، هغه څه چې حمله پرې كيداى شي، حساس: د ( بريج ) په لوبه كې دغبرګي سزاوړ"
948,948,"دانګليسي ژبې دالفبا درويشتم توری"
949,949,"ځنګيدل، ځمبيدل، كوږووږ تلل: دوه مړه كيدل ، بى نيابه كيدل: ريږديدل، لړزيدل."
950,950,"كيډۍ، سترۍ ( لكه د وښو ) : بوجه ( كارك ) ، خولپوټى: كيلتۍ ( د كارتوس د وادرو خو لپوټى ) ،د بالښت او نورو د ډكولو مواد.  كښېلل، ډكول: په بوجه بندول، په خوليوټى بندول: د كارتوس بندول ( لكه په ګولۍ ) : په پستو موادو ډكول ( لكه په مالوچو )"
951,951,"ګيډۍ، سترۍ ( جمع ) د ډكون پاسته مواد (لكه وړۍ، مالوچ ): وهل شوى، ټكول شوي مالوچ."
952,952,"په زنګدو تلل، ځنګيدل، انډى كيدل، كوږووږ تلل: كوږ ووږ تګ.  كوږ ووږ تګ"
953,953,"په اوبو، خټو، واورو تلل او پورې وتل: په سختۍ تلل: په سختيو بريالى كيدل، په سختۍ سره كول: بوختيدل ، اړم كيدل.  په اوبو، خټو، واورو پورې ايستل: په سختۍ بيول، پورې ايستل."
954,954,"تلونكى او پورى وتونكى ( په اوبو، خټو واورو ) : ډينګ ( مرغه ) : ( جمع ) موزې، جګ ربړى بوټونه."
955,955,"خوړ، لګډ شيله ( په شمالى افريقا او نژدې ختيځ كې )"
956,956,"خوړ، لګډ شيله ( په شمالى افريقا او نژدې ختيځ كې )"
957,957,"كمربند، كولچه، بابړ، كولچه : سريښناك ( سليشناك) نرى كاغذ: د ټاپى لاك."
958,958,"كپند، كولچه، بابړه، كولچه."
959,959,"د كرپند، كولچو پخولو تنور."
960,960,"( د اوبو په سر ياهوا كې ) بيول، چلول، بيول، لاهو كول، الوزول.  تلل، چليدل، بهيدل، لاهو كيدل، الوتل ( په اوبو يا هوا كې)  تږم، بدبوى، وږم، د باد، لوبښ نزمه"
961,961,"خوزول، ځنډول، ښورول، زنګول: ټوكمار، ساعت تيرى، ګپو."
962,962,"بوختېدل، برمخ بيول، برخه اخيستل.  باړه، مزدورى، اجرت، تنخا، معاش."
963,963,"باړه چې ( اجير ) مزدور."
964,964,"داو، شرط، داو وهنه، شرط تړنه.  داو وهل، شرط تړل، جواى كول."
965,965,"اجوره، مزدوري"
966,966,"ملنډه، ټوكه."
967,967,"ټوكي، ټوكمارو مسخره: ساعت تيرى، ګپو."
968,968,"واګون، څلور اربيز ګاډى: څلوراربيزه ريړه: په برتانيه كښي د اورګاډى دباروړلو واګون."
969,969,"د اورګاډى دكوټو او واګونو نو لړۍ."
970,970,"كګاډيوان، ګاډى والا"
971,971,"يو ډول ګاډى چې دناستې ځايونه يې سره مخامخ وى."
972,972,"د چينچنيڼو د كورنۍ نه يو ډول وړوكى مارغه چې اوږده لكۍ لرى او د اوبو په غاړه ژوند كوى او لكۍ ښكته پورته خوزوى."
973,973,"يو ډول بوټى  په شمالى امريكا كې يو ډول ونه ده"
974,974,"بى خاونده و بى څښتنه شى: ورك شوى ژوى يا انسان، بى دركه ، ورك: بى كوره ، بيڅوكه، بى كسه."
975,975,"وير، ساند، ژړا، انګولا.  وير كول ، ساندى و يل، ژړا انګولا كول."
976,976,"ګاډۍ، ګاډى، واګون، ريړه."
977,977,"د كوټى ديوال لګين استر: د كوټي دديوال دبنخ رنګ شوى څنډه.  د كوټى ديوال ته لرګين استر وركول."
978,978,"بېړه كول (په شورما شور په درب او دروب."
979,979," بوخت، لګيا، مشغول ، اخته فعال، (امر) په كاريدونكى، په كار راتلونكى، نا وزګار، مصروف لكه ټليفون ."
980,980,"دتروو مچ، سپين سترګى، فضول، نابلى. منځګړ ى."
981,981,"prep.    بي له، چپ له ، مګر"
982,982,"ونډيمار، قصاب، خوني، خونكار."
983,983,"ونډيماريو، قصابي، خونكاري."
984,984,"هغه مزدور چې مچيني لوښي ور په غاړه ړي، خانه سامان."
985,985,"لوى بيلر: ټاپه : کوناټي ."
986,986,"غونډى (چې دنورو غونډيو نه بيله او سر ئى پلن وي)"
987,987,"كوچ، كوچى."
988,988,"يوډول ژيړ ګل په كروندو كې شين كېږي. ژيړ ګلك ."
989,989,"پتنګ، پتڼ، كوكى كمپلى."
990,990,"بي كوچو شيدي، شاربلي موښلي شيدي شلومبي ."
991,991,"يوډول امريكايى غوز، مټك، جوز."
992,992,"تحويلخانه، د خوړاونوروشيانو ساتنځاي"
993,993,"كوناټى"
994,994,"تڼى ګروي، غوټه."
995,995,"غوړياشه، كاج"
996,996,"د تڼى چنګك."
997,997,"درم، پشتى( دديوال)"
998,998," سور اوسپين ، تندرست، ښيراز."
999,999,"اخيستل، پيرودل، رانيول."
1000,1000,"بيرودونكى اخيستونكو را نيونكى."
1001,1001,"بنګيدل ،بڼيدل ( لكه دغومبسي) بنګهار، بڼهار."
1002,1002,"ګور بته ، پكه باښه"
1003,1003,"prep.    نزدي( ته ) په غاړه لكه دي سيند پر ( لكه پل) په قدر، سره سم ( لكه دويناسره) په واسطه ، په ( د قسم په مورد كې) په لاس"
1004,1004,"په راتلونكې وخت كې په كراره،برسيره پر جلا( له) بله دا چې ."
1005,1005,"ضمني محصول يا توليد فرعي توليد."
1006,1006,"په ځينو لوبوكې دهغه سړي حالت چې په يوه روڼډ كې ېى حريف نه وي پيدا كړى او په بري سره بل روڼډ ته داخل شي."
1007,1007,"مقررات، اصولنامه ،كړنلار، فرعي اصولونه."
1008,1008," پخواني، ځنډن، لرغونى، لرغونى تير."
1009,1009,"مقررات، اصولنامه ،كړنلار، فرعي اصولونه."
1010,1010,"ليارګى، فرعي لار، ړنده لار."
1011,1011,"نندار چې تماشا كونكى دخير په غونډى ناست كتونكى ."
1012,1012,"دپليو لار، ليارګي، فرعې لار."
1013,1013,"متل ، دملنډو خبره دټوكو شى ( اصط)داړى غور، خندنى."
1014,1014,"دانګليسي ژبې دالفبا دريم توری"
1015,1015,"يو ډول سر پټى موټر ياګاډى: ټكسى موټر، هغه سر پټى ځاى چه پكښى داور ګاډى موټر او نورو چلوونكى كښينى."
1016,1016,"دسيسه كوونكې كوچنى ډله: دسيسه."
1017,1017,"كرم، يوډول سايه چه ګوپى ته ورته دى."
1018,1018,"دكوچنى كور چه په ساده تو ګه جوړشوى وى: وړه خونه په تيره په بېړۍ كى)."
1019,1019,"المارى دصلاح او مشورې خونه: كابينه، دوزيرانو هيئت دوزيرانو ټولنه: صندوخچه (دګاڼې ګيڼې)."
1020,1020,"المارى جوړوونكى، فرنيچر جوړ وونكى."
1021,1021,"كيبل، فلزى مزى (سيم)."
1022,1022,"پرتار مخابره، تراوبولا ندې سيمې مخابره."
1023,1023,"ټكسي چلونكى، ګاډى چلونكى."
1024,1024,"يوه اسپه دوه كسيزه بګۍ."
1025,1025,"كاودحاره سيمې يوډول ونه چه دهغې تخم دچايو په تو ګه او په چاكليټ كې استعماليږى."
1026,1026,"ساتنځى، پټ ځاى چه هلته قيمتى شيان او خوا ړه ساتى."
1027,1027,"تزئينى ګلدانۍ چه په منځ كې يې عادى ګلدانۍ وى."
1028,1028,"دهيلۍ كغ كغ، يا همدغه ډول ږغ."
1029,1029,"زقوم، يوازغن او بې پاڼ بوټى. (جمع)."
1030,1030,"سپك، بې سړيتوبه ، بې تهذ يبه سړى."
1031,1031,"(طب) مړى، لاښ."
1032,1032," مړژواندى، مړزګن، ناروغ وزمه."
1033,1033,"هغه څوك چه دګلف دلوبې ډنډه يې له بل چا سره اخستې وى."
1034,1034,"هغه څوك چه دګلف دلوبې ډنډه يې له بل چا سره اخستې وى."
1035,1035,"وزن، اهنګ."
1036,1036,"كشرزوى: دعسكرى ښوونځى زده كوونكى."
1037,1037,"وړندې كولمې (امعاى غليظه) لومړۍ برخه."
1038,1038,"(شعر) وقفه (ددوومسروترمنځ)."
1039,1039,"كافى، رستوران."
1040,1040,"رستوران (چه په هغه كې هر څوك پخپله دخوړلو او څكلو شيان را اخلى."
1041,1041,"كافين، دچايو او كافى"
1042,1042,"کپس ، زندان."
1043,1043,"دډيرو كوټه يا څلى چه دهرم په شكل وى او دقبر يا ديادګارپه تو ګه جوړ شوى وى."
1044,1044,"هغه لوى صندوق چه پكښې مهمات او رس اچول شوى او پر عربو باروى، لوى صندوق چه تر او بولاندى په تعميراتى كارو كى استعماليږى."
1045,1045,"بدبخته، ټيټ سړى: پست، ټيټ."
1046,1046,"ملنډى وهل، غولول: غوړه- مالى كول."
1047,1047,"كېك، د اوړو ځواله: دكوټلو غوښو كلچه، له يو ډول خميرڅخه پا خه شوى خواړه."
1048,1048,"كډويا دهغه پوستكى چه دلوښى په توګه هم استعماليږى."
1049,1049," له غم څخه ډك."
1050,1050,"لويه بدبختى، مصيبت."
1051,1051,"او بلن رنګ چه دچت يا نورو شيانو په رنګولو كې کارول کيږي."
1052,1052," حرارت سره په پوډرو بدلول."
1053,1053,"كلسيم،(كيم) پوست او نرم فلز چه په ګچ او تباشير كه مو جود دى."
1054,1054," شمېرل (امر) ګومان كول."
1055,1055,"ګومان، اټكل، شمېر."
1056,1056,"شميرونكى ، دحساب ما شين."
1057,1057,"دحساب يوه هكله څانګه."
1058,1058,"ويه چاى جوشه، يا بايلر"
1059,1059,"كليزه، جنترى."
1060,1060," په ماشين فشاروركول (كاغذ يا ټوتې ته) چه مخ يې جلا پيدا كړى"
1061,1061,"خوسکی ، خوسندر، دخوسندر څرمن: پونډۍ."
1062,1062," قطر اندازه موندل، دتدريج علامې كتل يا اصلاح كول."
1063,1063,"دقطراندازه: دفكر ګنجايش : لياقت: ظرفيټ، اهليت."
1064,1064,"دبمبه وْ كالى (امر) له ارزانه بمبې څخه جوړشوى رنګه چيټ."
1065,1065,"خليفه، داسلام په لمړيو وختو كى (ترمحمد ص وروسته) دحكومتى مشرانو لقب."
1066,1066,"يوه اله چه دشيانو قطريا پنډوالى معلوموى."
1067,1067,"خليفه، داسلام په لمړيو وختو كى (ترمحمد ص وروسته) دحكومتى مشرانو لقب."
1068,1068,"خلافت، دار الخلافه."
1069,1069,"داو بو مخ نيوه دپاره (په بېړۍ كى) درزنيول يا چاود پنچول."
1070,1070,"ږغ كول: خبر اخيستل: لنډ ملاقات كول: تيلفون كول: نوم ايښودل (پر): را غوښتل: ولاړول غوره كول او ټاكل، دلست له مخې نو مونه لو ستل: په ناوړه نا مه بلل."
1071,1071,"يو بوټى چه زيړ پخنې پاڼې لرى او په جبه كې شين كيږى."
1072,1072,"يو بوټى چه زيړ پخنې پاڼې لرى او په جبه كې شين كيږى."
1073,1073,"بلنه، را غو ښتنه: دخچاى عبادت ته را بلنه: مشغولا، بيشه."
1074,1074,"يوه اله چه دشيانو قطريا پنډوالى معلوموى."
1075,1075,"كلك شوى پوټكى."