"1","darrick40@gmail.com","Ryley","Swift","1","$2y$10$TKh8H1.PfQx37YgCzwiKb.KjNyWgaHb9cbcoQgdIVFlYg7B77UdFm",NULL,NULL,"47","6552446244","2003-01-05 09:57:04","1991-08-23 08:16:06"
"2","molly81@oreilly.net","Candelario","Mraz","4","$2y$10$TKh8H1.PfQx37YgCzwiKb.KjNyWgaHb9cbcoQgdIVFlYg7B77UdFm",NULL,NULL,"26","2952120659","2017-12-18 05:00:34","1989-04-07 08:09:02"
"3","schmeler.leif@king.com","Albin","Kulas","4","$2y$10$TKh8H1.PfQx37YgCzwiKb.KjNyWgaHb9cbcoQgdIVFlYg7B77UdFm",NULL,NULL,"173","1813806869","1987-12-21 18:36:39","1997-05-12 02:10:33"
"4","thompson.therese@lemke.biz","Willy","Emmerich","2","$2y$10$TKh8H1.PfQx37YgCzwiKb.KjNyWgaHb9cbcoQgdIVFlYg7B77UdFm",NULL,NULL,"145","8121153171","2017-09-21 11:22:50","1972-07-22 21:49:18"
"5","keeling.nikolas@gmail.com","Luther","Kirlin","4","$2y$10$TKh8H1.PfQx37YgCzwiKb.KjNyWgaHb9cbcoQgdIVFlYg7B77UdFm",NULL,NULL,"44","9232856647","2008-06-24 22:14:01","1991-10-10 09:04:09"
"6","tromp.alford@skiles.com","Bailey","Franecki","4","$2y$10$TKh8H1.PfQx37YgCzwiKb.KjNyWgaHb9cbcoQgdIVFlYg7B77UdFm",NULL,NULL,"116","2993700115","2009-07-12 17:04:33","2000-11-29 19:57:23"
"7","elian.walker@volkman.com","Eldred","Oberbrunner","3","$2y$10$TKh8H1.PfQx37YgCzwiKb.KjNyWgaHb9cbcoQgdIVFlYg7B77UdFm",NULL,NULL,"16","6322900591","1999-08-20 11:18:00","1989-04-10 09:18:59"
"8","rosenbaum.kaelyn@tromp.com","Grady","Wilkinson","1","$2y$10$TKh8H1.PfQx37YgCzwiKb.KjNyWgaHb9cbcoQgdIVFlYg7B77UdFm",NULL,NULL,"60","5949070129","1987-08-28 06:08:16","1986-04-02 17:54:47"
"9","plowe@schultz.net","Eriberto","Beatty","2","$2y$10$TKh8H1.PfQx37YgCzwiKb.KjNyWgaHb9cbcoQgdIVFlYg7B77UdFm",NULL,NULL,"102","6258896434","1983-07-05 20:07:34","2019-02-12 04:20:26"
"10","ddare@yahoo.com","Enoch","Leannon","4","$2y$10$TKh8H1.PfQx37YgCzwiKb.KjNyWgaHb9cbcoQgdIVFlYg7B77UdFm",NULL,NULL,"71","7884940644","1983-01-31 22:47:44","2012-02-02 08:44:29"
